key.drop,key.drop
key.attack,key.attack
key.use,key.use
key.chat,key.chat
key.back,key.back
key.forward,key.forward
options.autojump,options.autoJump
options.autojump.name,options.autoJump
options.guiScale.optionName,options.guiScale
key.menuCancel,gui.cancel
options.sensitivity,options.sensitivity
options.sensitivity.name,options.sensitivity
options.sensitivity.Mouse.name,options.sensitivity
options.controller.sensitivity.name,options.sensitivity

menu.returnToGame,menu.returnToGame
deathScreen.quit,deathScreen.titleScreen

potion.moveSpeed,effect.minecraft.speed

entity.villager.tool,entity.minecraft.villager.toolsmith
entity.villager.weapon,entity.minecraft.villager.weaponsmith

tile.brown_mushroom_block.mushroom.name,block.minecraft.brown_mushroom

tile.monster_egg.chiseledbrick.name,block.minecraft.infested_chiseled_stone_bricks
tile.monster_egg.crackedbrick.name,block.minecraft.infested_cracked_stone_bricks
tile.monster_egg.mossybrick.name,block.minecraft.infested_mossy_stone_bricks

options.enableChatTextToSpeech,options.narrator.chat
options.enableUITextToSpeech,options.narrator.system
options.darknessEffectModifier,options.darknessEffectScale
options.darknessEffectModifier.message,options.darknessEffectScale.tooltip
options.textBackgroundOpacity,options.accessibility.text_background_opacity
options.glintStrength.message,options.glintStrength.tooltip
options.glintSpeed.message,options.glintSpeed.tooltip
options.notificationDuration.Toast,options.notifications.display_time
options.notificationDuration.ToastMessage,options.notifications.display_time.tooltip
options.notificationDuration.ToastMessage.edu,options.notifications.display_time.tooltip

options.sensitivity,options.sensitivity
options.graphicsMode,options.graphics
options.graphicsMode.simple,options.graphics.fast
options.toggleclouds,options.renderClouds

soundCategory.ambient,soundCategory.ambient

howtoplay.eyeOfEnder,item.minecraft.ender_eye

dr.left_arm,options.modelPart.left_sleeve
dr.right_arm,options.modelPart.right_sleeve
dr.left_leg,options.modelPart.left_pants_leg
dr.right_leg,options.modelPart.right_pants_leg

tile.bed.notSafe,block.minecraft.bed.not_safe
tile.bed.noSleep,block.minecraft.bed.no_sleep
tile.bed.tooFar,block.minecraft.bed.too_far_away

commandBlockScreen.blockType.chain,advMode.mode.sequence

createWorldScreen.fireSpreads,gamerule.doFireTick
createWorldScreen.fireSpreads.name,gamerule.doFireTick
createWorldScreen.tntexplodes,gamerule.tntExplodes
createWorldScreen.tntexplodes.name,gamerule.tntExplodes
createWorldScreen.mobLoot,gamerule.doMobLoot
createWorldScreen.mobLoot.name,gamerule.doMobLoot
createWorldScreen.naturalregeneration,gamerule.naturalRegeneration
createWorldScreen.naturalregeneration.name,gamerule.naturalRegeneration
createWorldScreen.tileDrops,gamerule.doTileDrops
createWorldScreen.tileDrops.name,gamerule.doTileDrops
createWorldScreen.immediaterespawn,gamerule.doImmediateRespawn
createWorldScreen.immediaterespawn.name,gamerule.doImmediateRespawn
createWorldScreen.respawnRadius,gamerule.spawnRadius
createWorldScreen.respawnRadius.name,gamerule.spawnRadius
createWorldScreen.keepInventory,gamerule.keepInventory
createWorldScreen.keepInventory.name,gamerule.keepInventory
createWorldScreen.randomtickspeed,gamerule.randomTickSpeed
createWorldScreen.randomtickspeed.name,gamerule.randomTickSpeed
options.loadWorldAnyway,selectWorld.backupJoinSkipButton

hbui.CreateNewWorld.cheats.title,selectWorld.allowCommands
createWorldScreen.worldSettings,gamerule.category.updates
createWorldScreen.daylightcycle,gamerule.doDaylightCycle
createWorldScreen.daylightcycle.name,gamerule.doDaylightCycle
createWorldScreen.mobSpawn,gamerule.doMobSpawning
createWorldScreen.mobSpawn.name,gamerule.doMobSpawning
createWorldScreen.mobgriefing,gamerule.mobGriefing
createWorldScreen.mobgriefing.name,gamerule.mobGriefing
createWorldScreen.entitiesdroploot,gamerule.doEntityDrops
createWorldScreen.entitiesdroploot.name,gamerule.doEntityDrops
createWorldScreen.weathercycle,gamerule.doWeatherCycle
createWorldScreen.weathercycle.name,gamerule.doWeatherCycle
createWorldScreen.commandblocksenabled,gamerule.commandBlocksEnabled
createWorldScreen.commandblocksenabled.name,gamerule.commandBlocksEnabled

options.servervisible,menu.shareToLan

onlinePlay.notRated,multiplayerWarning.header
onlinePlay.message,multiplayerWarning.message

soundCategory.main,soundCategory.master
soundCategory.texttospeech,options.narrator
menu.accessibility.tab.tts.title,options.narrator

options.maxFramerate,options.framerateLimit

itemGroup.name.mobEgg,itemGroup.spawnEggs

item.spawn_egg.entity.evoker.name,item.minecraft.evoker_spawn_egg
item.spawn_egg.entity.tropical_fish.name,item.minecraft.tropical_fish_spawn_egg
item.spawn_egg.entity.zombified_piglin.name,item.minecraft.zombified_piglin_spawn_egg

key.socialDrawer,key.friends
options.social,gui.friends.open
soundCategory.record,soundCategory.record
accessibility.emotes.unassigned,key.keyboard.unknown
controllerLayoutScreen.unassigned,key.keyboard.unknown
hudScreen.emote_unassigned,key.keyboard.unknown

options.showautosaveicon,options.autosaveIndicator
options.showautosaveicon.name,options.autosaveIndicator

pauseScreen.betaFeedback,menu.feedback
pauseScreen.betaFeedback.dialog.title,menu.feedback.title
pauseScreen.gameIsPaused,menu.paused

gui.goBack,gui.back
attribution.goBack,gui.back
realmsCreateScreen.goBack,gui.back
csbCreateScreen.goBack,gui.back
licensed_content.goBack,gui.back
menu.account.clearSignInData.popup.cancelLabel,gui.back
menu.account.signOutOfMicrosoft.popup.cancelLabel,gui.back
menu.creator.contentLog.delete.goBack,gui.back
menu.creator.scriptDiagnostic.delete.goBack,gui.back
options.languageGuiScaleCompatibility.cancel,gui.back
options.goBack,gui.back
permissions.GoBack,gui.back
store.realmsPlus.purchase.warningDialog.button.back,gui.back
store.csb.purchase.warningDialog.button.back,gui.back
store.csb.purchase.amazonDeviceWarning.button.back,gui.back
store.popup.goBack,gui.back
store.popup.download.back,gui.back
store.popup.update.back,gui.back
store.showalloffers.list.back,gui.back
terms_and_conditions.goBack,gui.back
manifestvalidation.delete.confirm_goBack,gui.back
attribution.goBack,gui.back

craftingScreen.tab.allRecipes,gui.recipebook.toggleRecipes.all
craftingScreen.tab.craftableRecipes,gui.recipebook.toggleRecipes.craftable

keyboard.keyName.tab,key.keyboard.tab
keyboard.keyName.pause,key.keyboard.pause
keyboard.keyName.home,key.keyboard.home
keyboard.keyName.insert,key.keyboard.insert
keyboard.keyName.delete,key.keyboard.delete
keyboard.keyName.tab.short,key.keyboard.tab
keyboard.keyName.pause.short,key.keyboard.pause
keyboard.keyName.home.short,key.keyboard.home

item.comparator.name,block.minecraft.comparator

attribute.name.generic.armorToughness,attribute.name.generic.armor_toughness

slot.armor.head.when_equipped,item.modifiers.head
slot.armor.chest.when_equipped,item.modifiers.chest
slot.armor.legs.when_equipped,item.modifiers.legs
slot.armor.feet.when_equipped,item.modifiers.feet
slot.armor.body.when_equipped,item.modifiers.body

item.fireworksCharge.type,item.minecraft.firework_star.shape
item.fireworksCharge.type.0,item.minecraft.firework_star.shape.small_ball
item.fireworksCharge.type.1,item.minecraft.firework_star.shape.large_ball
item.fireworksCharge.type.2,item.minecraft.firework_star.shape.star
item.fireworksCharge.type.3,item.minecraft.firework_star.shape.creeper
item.fireworksCharge.type.4,item.minecraft.firework_star.shape.burst

trim_material.amethyst.name,trim_material.minecraft.amethyst
trim_material.copper.name,trim_material.minecraft.copper
trim_material.diamond.name,trim_material.minecraft.diamond
trim_material.emerald.name,trim_material.minecraft.emerald
trim_material.gold.name,trim_material.minecraft.gold
trim_material.iron.name,trim_material.minecraft.iron
trim_material.lapis.name,trim_material.minecraft.lapis
trim_material.netherite.name,trim_material.minecraft.netherite
trim_material.quartz.name,trim_material.minecraft.quartz
trim_material.redstone.name,trim_material.minecraft.redstone
trim_material.resin.name,trim_material.minecraft.resin
trim_pattern.coast.name,trim_pattern.minecraft.coast
trim_pattern.dune.name,trim_pattern.minecraft.dune
trim_pattern.eye.name,trim_pattern.minecraft.eye
trim_pattern.host.name,trim_pattern.minecraft.host
trim_pattern.raiser.name,trim_pattern.minecraft.raiser
trim_pattern.rib.name,trim_pattern.minecraft.rib
trim_pattern.sentry.name,trim_pattern.minecraft.sentry
trim_pattern.shaper.name,trim_pattern.minecraft.shaper
trim_pattern.silence.name,trim_pattern.minecraft.silence
trim_pattern.snout.name,trim_pattern.minecraft.snout
trim_pattern.spire.name,trim_pattern.minecraft.spire
trim_pattern.tide.name,trim_pattern.minecraft.tide
trim_pattern.vex.name,trim_pattern.minecraft.vex
trim_pattern.ward.name,trim_pattern.minecraft.ward
trim_pattern.wayfinder.name,trim_pattern.minecraft.wayfinder
trim_pattern.wild.name,trim_pattern.minecraft.wild
trim_pattern.bolt.name,trim_pattern.minecraft.bolt
trim_pattern.flow.name,trim_pattern.minecraft.flow


